<?xml version="1.0" encoding="utf-8"?>
<!DOCTYPE install>
<install version="1.5" type="plugin" group="content" method="upgrade">
	<name>Content - Kunena Discuss</name>
	<version>1.6.0-BETA2</version>
	<versionname>Gespraech</versionname>
	<creationDate>2010-08-04</creationDate>
	<build>105</build>
	<author>Kunena Team</author>
	<authorEmail>Kunena@Kunena.com</authorEmail>
	<authorUrl>http://www.Kunena.com</authorUrl>
	<copyright>www.Kunena.com</copyright>
	<license>GNU/GPL</license>
	<description>PLG_KUNENADISCUSS_DESCRIPTION</description>
	<files>
		<filename plugin="kunenadiscuss">kunenadiscuss.php</filename>
		<folder>kunenadiscuss</folder>
	</files>
	<languages>
		<language tag="en-GB">en-GB.plg_content_kunenadiscuss.ini</language>
	</languages>
	<params>
		<param name="limit" type="text" default="25" label="PLG_KUNENADISCUSS_LIMIT" description="PLG_KUNENADISCUSS_LIMIT_DESC" />
		<param name="ordering" type="radio" default="1" label="PLG_KUNENADISCUSS_ORDERING" description="PLG_KUNENADISCUSS_ORDERING_DESC">
			<option value="0">PLG_KUNENADISCUSS_OPTION_FIRST</option>
			<option value="1">PLG_KUNENADISCUSS_OPTION_LAST</option>
		</param>
		<param name="show_front_page" type="radio" default="2" label="PLG_KUNENADISCUSS_SHOW_FRONT_PAGE" description="PLG_KUNENADISCUSS_SHOW_FRONT_PAGE_DESC">
			<option value="0">PLG_KUNENADISCUSS_OPTION_NOTHING</option>
			<option value="1">PLG_KUNENADISCUSS_OPTION_LINK</option>
			<option value="2">PLG_KUNENADISCUSS_OPTION_REPLIES</option>
		</param>
		<param name="show_blog_page" type="radio" default="2" label="PLG_KUNENADISCUSS_SHOW_BLOG_PAGE" description="PLG_KUNENADISCUSS_SHOW_BLOG_PAGE_DESC"> 
			<option value="0">PLG_KUNENADISCUSS_OPTION_NOTHING</option> 
			<option value="1">PLG_KUNENADISCUSS_OPTION_LINK</option> 
			<option value="2">PLG_KUNENADISCUSS_OPTION_REPLIES</option> 
		</param> 
		<param name="show_other_pages" type="radio" default="2" label="PLG_KUNENADISCUSS_SHOW_OTHER_PAGES" description="PLG_KUNENADISCUSS_SHOW_OTHER_PAGES_DESC">
			<option value="0">PLG_KUNENADISCUSS_OPTION_NOTHING</option>
			<option value="1">PLG_KUNENADISCUSS_OPTION_LINK</option>
			<option value="2">PLG_KUNENADISCUSS_OPTION_REPLIES</option>
		</param>
		<param name="form" type="radio" default="1" label="PLG_KUNENADISCUSS_FORM" description="PLG_KUNENADISCUSS_FORM_DESC">
			<option value="0">PLG_KUNENADISCUSS_OPTION_NO</option>
			<option value="1">PLG_KUNENADISCUSS_OPTION_YES</option>
		</param>
		<param name="form_location" type="radio" default="0" label="PLG_KUNENADISCUSS_FORM_LOCATION" description="PLG_KUNENADISCUSS_FORM_LOCATION_DESC">
			<option value="0">PLG_KUNENADISCUSS_OPTION_BEFORE</option>
			<option value="1">PLG_KUNENADISCUSS_OPTION_AFTER</option>
		</param>
		<param name="custom_topics" type="radio" default="1" label="PLG_KUNENADISCUSS_CUSTOM_TOPICS" description="PLG_KUNENADISCUSS_CUSTOM_TOPICS_DESC">
			<option value="0">PLG_KUNENADISCUSS_OPTION_NO</option>
			<option value="1">PLG_KUNENADISCUSS_OPTION_YES</option>
		</param>		
		<param name="topic_owner" type="text" default="" label="PLG_KUNENADISCUSS_TOPIC_OWNER" description="PLG_KUNENADISCUSS_TOPIC_OWNER_DESC" />
		<param name="category_mapping" type="text" default="" label="PLG_KUNENADISCUSS_CATEGORY_MAPPING" description="PLG_KUNENADISCUSS_CATEGORY_MAPPING_DESC" />			
		<param name="default_category" type="text" default="" label="PLG_KUNENADISCUSS_DEFAULT_CATEGORY" description="PLG_KUNENADISCUSS_DEFAULT_CATEGORY_DESC" />
		<param name="allow_categories" type="text" default="" label="PLG_KUNENADISCUSS_ALLOW_CATEGORIES" description="PLG_KUNENADISCUSS_ALLOW_CATEGORIES_DESC" />
		<param name="deny_categories" type="text" default="" label="PLG_KUNENADISCUSS_DENY_CATEGORIES" description="PLG_KUNENADISCUSS_DENY_CATEGORIES_DESC" />			
		<param name="show_debug" type="radio" default="0" label="PLG_KUNENADISCUSS_SHOW_DEBUG" description="PLG_KUNENADISCUSS_SHOW_DEBUG_DESC">
			<option value="0">PLG_KUNENADISCUSS_OPTION_NO</option>
			<option value="1">PLG_KUNENADISCUSS_OPTION_YES</option>
		</param>
		<param name="show_debug_userids" type="text" default="" label="PLG_KUNENADISCUSS_SHOW_DEBUG_USERIDS" description="PLG_KUNENADISCUSS_SHOW_DEBUG_USERIDS_DESC" />
	</params>
</install>
